Domain Code,Domain,Area Code (M49),Area,Element Code,Element,Item Code (CPC),Item,Year Code,Year,Unit,Value,Flag,Flag Description,Note
"QCL","Crops and livestock products","356","India","5412","Yield","0113","Rice","1996","1996","kg/ha","2523.6","A","Official figure",""
"QCL","Crops and livestock products","356","India","5412","Yield","0113","Rice","1997","1997","kg/ha","2827.6","A","Official figure",""
"QCL","Crops and livestock products","356","India","5412","Yield","0113","Rice","1998","1998","kg/ha","2815.5","A","Official figure",""
"QCL","Crops and livestock products","356","India","5412","Yield","0113","Rice","1999","1999","kg/ha","3008.1","A","Official figure",""
"QCL","Crops and livestock products","356","India","5412","Yield","0113","Rice","2000","2000","kg/ha","2838","A","Official figure",""
"QCL","Crops and livestock products","356","India","5412","Yield","0113","Rice","2001","2001","kg/ha","3116.4","A","Official figure",""
"QCL","Crops and livestock products","356","India","5412","Yield","0113","Rice","2002","2002","kg/ha","2690.1","A","Official figure",""
"QCL","Crops and livestock products","356","India","5412","Yield","0113","Rice","2003","2003","kg/ha","3092.6","A","Official figure",""
"QCL","Crops and livestock products","356","India","5412","Yield","0113","Rice","2004","2004","kg/ha","2952.7","A","Official figure",""
"QCL","Crops and livestock products","356","India","5412","Yield","0113","Rice","2005","2005","kg/ha","3119.6","A","Official figure",""
"QCL","Crops and livestock products","356","India","5412","Yield","0113","Rice","2006","2006","kg/ha","3199.5","A","Official figure",""
"QCL","Crops and livestock products","356","India","5412","Yield","0113","Rice","2007","2007","kg/ha","3292.5","A","Official figure",""
"QCL","Crops and livestock products","356","India","5412","Yield","0113","Rice","2008","2008","kg/ha","3279.7","A","Official figure",""
"QCL","Crops and livestock products","356","India","5412","Yield","0113","Rice","2009","2009","kg/ha","3194.1","A","Official figure",""
"QCL","Crops and livestock products","356","India","5412","Yield","0113","Rice","2010","2010","kg/ha","3323","A","Official figure",""
"QCL","Crops and livestock products","356","India","5412","Yield","0113","Rice","2011","2011","kg/ha","3606","A","Official figure",""
"QCL","Crops and livestock products","356","India","5412","Yield","0113","Rice","2012","2012","kg/ha","3677.4","A","Official figure",""
"QCL","Crops and livestock products","356","India","5412","Yield","0113","Rice","2013","2013","kg/ha","3616.5","A","Official figure",""
"QCL","Crops and livestock products","356","India","5412","Yield","0113","Rice","2014","2014","kg/ha","3590","A","Official figure",""
"QCL","Crops and livestock products","356","India","5412","Yield","0113","Rice","2015","2015","kg/ha","3601.8","A","Official figure",""
"QCL","Crops and livestock products","356","India","5412","Yield","0113","Rice","2016","2016","kg/ha","3752.6","A","Official figure",""
"QCL","Crops and livestock products","356","India","5412","Yield","0113","Rice","2017","2017","kg/ha","3811.7","A","Official figure",""
"QCL","Crops and livestock products","356","India","5412","Yield","0113","Rice","2018","2018","kg/ha","3976.1","A","Official figure",""
"QCL","Crops and livestock products","356","India","5412","Yield","0113","Rice","2019","2019","kg/ha","4052.1","A","Official figure",""
"QCL","Crops and livestock products","356","India","5412","Yield","0113","Rice","2020","2020","kg/ha","4059.4","A","Official figure",""
"QCL","Crops and livestock products","356","India","5412","Yield","0113","Rice","2021","2021","kg/ha","4203.3","A","Official figure",""
"QCL","Crops and livestock products","356","India","5412","Yield","0113","Rice","2022","2022","kg/ha","4238.8","A","Official figure",""
"QCL","Crops and livestock products","356","India","5412","Yield","0141","Soya beans","1996","1996","kg/ha","988.7","A","Official figure",""
"QCL","Crops and livestock products","356","India","5412","Yield","0141","Soya beans","1997","1997","kg/ha","1079.2","A","Official figure",""
"QCL","Crops and livestock products","356","India","5412","Yield","0141","Soya beans","1998","1998","kg/ha","1100.3","A","Official figure",""
"QCL","Crops and livestock products","356","India","5412","Yield","0141","Soya beans","1999","1999","kg/ha","1137.8","A","Official figure",""
"QCL","Crops and livestock products","356","India","5412","Yield","0141","Soya beans","2000","2000","kg/ha","822.9","A","Official figure",""
"QCL","Crops and livestock products","356","India","5412","Yield","0141","Soya beans","2001","2001","kg/ha","940","A","Official figure",""
"QCL","Crops and livestock products","356","India","5412","Yield","0141","Soya beans","2002","2002","kg/ha","762.4","A","Official figure",""
"QCL","Crops and livestock products","356","India","5412","Yield","0141","Soya beans","2003","2003","kg/ha","1192.9","A","Official figure",""
"QCL","Crops and livestock products","356","India","5412","Yield","0141","Soya beans","2004","2004","kg/ha","908.2","A","Official figure",""
"QCL","Crops and livestock products","356","India","5412","Yield","0141","Soya beans","2005","2005","kg/ha","1073.4","A","Official figure",""
"QCL","Crops and livestock products","356","India","5412","Yield","0141","Soya beans","2006","2006","kg/ha","1062.7","A","Official figure",""
"QCL","Crops and livestock products","356","India","5412","Yield","0141","Soya beans","2007","2007","kg/ha","1234.9","A","Official figure",""
"QCL","Crops and livestock products","356","India","5412","Yield","0141","Soya beans","2008","2008","kg/ha","1041.5","A","Official figure",""
"QCL","Crops and livestock products","356","India","5412","Yield","0141","Soya beans","2009","2009","kg/ha","1023.6","A","Official figure",""
"QCL","Crops and livestock products","356","India","5412","Yield","0141","Soya beans","2010","2010","kg/ha","1326.3","A","Official figure",""
"QCL","Crops and livestock products","356","India","5412","Yield","0141","Soya beans","2011","2011","kg/ha","1208.2","A","Official figure",""
"QCL","Crops and livestock products","356","India","5412","Yield","0141","Soya beans","2012","2012","kg/ha","1352.9","A","Official figure",""
"QCL","Crops and livestock products","356","India","5412","Yield","0141","Soya beans","2013","2013","kg/ha","1012.3","A","Official figure",""
"QCL","Crops and livestock products","356","India","5412","Yield","0141","Soya beans","2014","2014","kg/ha","950.8","A","Official figure",""
"QCL","Crops and livestock products","356","India","5412","Yield","0141","Soya beans","2015","2015","kg/ha","738.5","A","Official figure",""
"QCL","Crops and livestock products","356","India","5412","Yield","0141","Soya beans","2016","2016","kg/ha","1176.6","A","Official figure",""
"QCL","Crops and livestock products","356","India","5412","Yield","0141","Soya beans","2017","2017","kg/ha","1058.5","A","Official figure",""
"QCL","Crops and livestock products","356","India","5412","Yield","0141","Soya beans","2018","2018","kg/ha","1191.9","A","Official figure",""
"QCL","Crops and livestock products","356","India","5412","Yield","0141","Soya beans","2019","2019","kg/ha","920.7","A","Official figure",""
"QCL","Crops and livestock products","356","India","5412","Yield","0141","Soya beans","2020","2020","kg/ha","976.2","A","Official figure",""
"QCL","Crops and livestock products","356","India","5412","Yield","0141","Soya beans","2021","2021","kg/ha","1069.2","A","Official figure",""
"QCL","Crops and livestock products","356","India","5412","Yield","0141","Soya beans","2022","2022","kg/ha","1145.3","A","Official figure",""
"QCL","Crops and livestock products","356","India","5412","Yield","0111","Wheat","1996","1996","kg/ha","2482.8","A","Official figure",""
"QCL","Crops and livestock products","356","India","5412","Yield","0111","Wheat","1997","1997","kg/ha","2678.9","A","Official figure",""
"QCL","Crops and livestock products","356","India","5412","Yield","0111","Wheat","1998","1998","kg/ha","2485.2","A","Official figure",""
"QCL","Crops and livestock products","356","India","5412","Yield","0111","Wheat","1999","1999","kg/ha","2590.1","A","Official figure",""
"QCL","Crops and livestock products","356","India","5412","Yield","0111","Wheat","2000","2000","kg/ha","2778.5","A","Official figure",""
"QCL","Crops and livestock products","356","India","5412","Yield","0111","Wheat","2001","2001","kg/ha","2708.1","A","Official figure",""
"QCL","Crops and livestock products","356","India","5412","Yield","0111","Wheat","2002","2002","kg/ha","2762.1","A","Official figure",""
"QCL","Crops and livestock products","356","India","5412","Yield","0111","Wheat","2003","2003","kg/ha","2610","A","Official figure",""
"QCL","Crops and livestock products","356","India","5412","Yield","0111","Wheat","2004","2004","kg/ha","2713.2","A","Official figure",""
"QCL","Crops and livestock products","356","India","5412","Yield","0111","Wheat","2005","2005","kg/ha","2601.6","A","Official figure",""
"QCL","Crops and livestock products","356","India","5412","Yield","0111","Wheat","2006","2006","kg/ha","2618.8","A","Official figure",""
"QCL","Crops and livestock products","356","India","5412","Yield","0111","Wheat","2007","2007","kg/ha","2707.9","A","Official figure",""
"QCL","Crops and livestock products","356","India","5412","Yield","0111","Wheat","2008","2008","kg/ha","2802.2","A","Official figure",""
"QCL","Crops and livestock products","356","India","5412","Yield","0111","Wheat","2009","2009","kg/ha","2907.1","A","Official figure",""
"QCL","Crops and livestock products","356","India","5412","Yield","0111","Wheat","2010","2010","kg/ha","2839.5","A","Official figure",""
"QCL","Crops and livestock products","356","India","5412","Yield","0111","Wheat","2011","2011","kg/ha","2988.6","A","Official figure",""
"QCL","Crops and livestock products","356","India","5412","Yield","0111","Wheat","2012","2012","kg/ha","3177.5","A","Official figure",""
"QCL","Crops and livestock products","356","India","5412","Yield","0111","Wheat","2013","2013","kg/ha","3153.8","A","Official figure",""
"QCL","Crops and livestock products","356","India","5412","Yield","0111","Wheat","2014","2014","kg/ha","3145.7","A","Official figure",""
"QCL","Crops and livestock products","356","India","5412","Yield","0111","Wheat","2015","2015","kg/ha","2749.6","A","Official figure",""
"QCL","Crops and livestock products","356","India","5412","Yield","0111","Wheat","2016","2016","kg/ha","3033.9","A","Official figure",""
"QCL","Crops and livestock products","356","India","5412","Yield","0111","Wheat","2017","2017","kg/ha","3199.9","A","Official figure",""
"QCL","Crops and livestock products","356","India","5412","Yield","0111","Wheat","2018","2018","kg/ha","3368.2","A","Official figure",""
"QCL","Crops and livestock products","356","India","5412","Yield","0111","Wheat","2019","2019","kg/ha","3533.4","A","Official figure",""
"QCL","Crops and livestock products","356","India","5412","Yield","0111","Wheat","2020","2020","kg/ha","3439.8","A","Official figure",""
"QCL","Crops and livestock products","356","India","5412","Yield","0111","Wheat","2021","2021","kg/ha","3520.8","A","Official figure",""
"QCL","Crops and livestock products","356","India","5412","Yield","0111","Wheat","2022","2022","kg/ha","3537.3","A","Official figure",""
"QCL","Crops and livestock products","586","Pakistan","5412","Yield","0113","Rice","1996","1996","kg/ha","2868.5","A","Official figure",""
"QCL","Crops and livestock products","586","Pakistan","5412","Yield","0113","Rice","1997","1997","kg/ha","2804.8","A","Official figure",""
"QCL","Crops and livestock products","586","Pakistan","5412","Yield","0113","Rice","1998","1998","kg/ha","2893","A","Official figure",""
"QCL","Crops and livestock products","586","Pakistan","5412","Yield","0113","Rice","1999","1999","kg/ha","3074.4","A","Official figure",""
"QCL","Crops and livestock products","586","Pakistan","5412","Yield","0113","Rice","2000","2000","kg/ha","3031.2","A","Official figure",""
"QCL","Crops and livestock products","586","Pakistan","5412","Yield","0113","Rice","2001","2001","kg/ha","2754.2","A","Official figure",""
"QCL","Crops and livestock products","586","Pakistan","5412","Yield","0113","Rice","2002","2002","kg/ha","3019.2","A","Official figure",""
"QCL","Crops and livestock products","586","Pakistan","5412","Yield","0113","Rice","2003","2003","kg/ha","2955.1","A","Official figure",""
"QCL","Crops and livestock products","586","Pakistan","5412","Yield","0113","Rice","2004","2004","kg/ha","2991.4","A","Official figure",""
"QCL","Crops and livestock products","586","Pakistan","5412","Yield","0113","Rice","2005","2005","kg/ha","3174.2","A","Official figure",""
"QCL","Crops and livestock products","586","Pakistan","5412","Yield","0113","Rice","2006","2006","kg/ha","3160.4","A","Official figure",""
"QCL","Crops and livestock products","586","Pakistan","5412","Yield","0113","Rice","2007","2007","kg/ha","3317.6","A","Official figure",""
"QCL","Crops and livestock products","586","Pakistan","5412","Yield","0113","Rice","2008","2008","kg/ha","3519.9","A","Official figure",""
"QCL","Crops and livestock products","586","Pakistan","5412","Yield","0113","Rice","2009","2009","kg/ha","3580.9","A","Official figure",""
"QCL","Crops and livestock products","586","Pakistan","5412","Yield","0113","Rice","2010","2010","kg/ha","3058.8","A","Official figure",""
"QCL","Crops and livestock products","586","Pakistan","5412","Yield","0113","Rice","2011","2011","kg/ha","3593.9","A","Official figure",""
"QCL","Crops and livestock products","586","Pakistan","5412","Yield","0113","Rice","2012","2012","kg/ha","3596.6","A","Official figure",""
"QCL","Crops and livestock products","586","Pakistan","5412","Yield","0113","Rice","2013","2013","kg/ha","3752.8","A","Official figure",""
"QCL","Crops and livestock products","586","Pakistan","5412","Yield","0113","Rice","2014","2014","kg/ha","3633.9","A","Official figure",""
"QCL","Crops and livestock products","586","Pakistan","5412","Yield","0113","Rice","2015","2015","kg/ha","3724","A","Official figure",""
"QCL","Crops and livestock products","586","Pakistan","5412","Yield","0113","Rice","2016","2016","kg/ha","3771.6","A","Official figure",""
"QCL","Crops and livestock products","586","Pakistan","5412","Yield","0113","Rice","2017","2017","kg/ha","3852.6","A","Official figure",""
"QCL","Crops and livestock products","586","Pakistan","5412","Yield","0113","Rice","2018","2018","kg/ha","3842.7","A","Official figure",""
"QCL","Crops and livestock products","586","Pakistan","5412","Yield","0113","Rice","2019","2019","kg/ha","3665.3","A","Official figure",""
"QCL","Crops and livestock products","586","Pakistan","5412","Yield","0113","Rice","2020","2020","kg/ha","3786.3","A","Official figure",""
"QCL","Crops and livestock products","586","Pakistan","5412","Yield","0113","Rice","2021","2021","kg/ha","3953.2","A","Official figure",""
"QCL","Crops and livestock products","586","Pakistan","5412","Yield","0113","Rice","2022","2022","kg/ha","3690.3","A","Official figure",""
"QCL","Crops and livestock products","586","Pakistan","5412","Yield","0141","Soya beans","1996","1996","kg/ha","1263.6","A","Official figure",""
"QCL","Crops and livestock products","586","Pakistan","5412","Yield","0141","Soya beans","1997","1997","kg/ha","1294.2","A","Official figure",""
"QCL","Crops and livestock products","586","Pakistan","5412","Yield","0141","Soya beans","1998","1998","kg/ha","1295.9","A","Official figure",""
"QCL","Crops and livestock products","586","Pakistan","5412","Yield","0141","Soya beans","1999","1999","kg/ha","1507.8","A","Official figure",""
"QCL","Crops and livestock products","586","Pakistan","5412","Yield","0141","Soya beans","2000","2000","kg/ha","1216","A","Official figure",""
"QCL","Crops and livestock products","586","Pakistan","5412","Yield","0141","Soya beans","2001","2001","kg/ha","1113.4","A","Official figure",""
"QCL","Crops and livestock products","586","Pakistan","5412","Yield","0141","Soya beans","2002","2002","kg/ha","1264.7","A","Official figure",""
"QCL","Crops and livestock products","586","Pakistan","5412","Yield","0141","Soya beans","2003","2003","kg/ha","1181.8","A","Official figure",""
"QCL","Crops and livestock products","586","Pakistan","5412","Yield","0141","Soya beans","2004","2004","kg/ha","1245","A","Official figure",""
"QCL","Crops and livestock products","586","Pakistan","5412","Yield","0141","Soya beans","2005","2005","kg/ha","1200","A","Official figure",""
"QCL","Crops and livestock products","586","Pakistan","5412","Yield","0141","Soya beans","2006","2006","kg/ha","1128.7","A","Official figure",""
"QCL","Crops and livestock products","586","Pakistan","5412","Yield","0141","Soya beans","2007","2007","kg/ha","581.8","A","Official figure",""
"QCL","Crops and livestock products","586","Pakistan","5412","Yield","0141","Soya beans","2008","2008","kg/ha","591.8","A","Official figure",""
"QCL","Crops and livestock products","586","Pakistan","5412","Yield","0141","Soya beans","2009","2009","kg/ha","607.8","A","Official figure",""
"QCL","Crops and livestock products","586","Pakistan","5412","Yield","0141","Soya beans","2010","2010","kg/ha","573","A","Official figure",""
"QCL","Crops and livestock products","586","Pakistan","5412","Yield","0141","Soya beans","2011","2011","kg/ha","695.3","A","Official figure",""
"QCL","Crops and livestock products","586","Pakistan","5412","Yield","0141","Soya beans","2012","2012","kg/ha","790.1","A","Official figure",""
"QCL","Crops and livestock products","586","Pakistan","5412","Yield","0141","Soya beans","2013","2013","kg/ha","722.2","A","Official figure",""
"QCL","Crops and livestock products","586","Pakistan","5412","Yield","0141","Soya beans","2014","2014","kg/ha","750","A","Official figure",""
"QCL","Crops and livestock products","586","Pakistan","5412","Yield","0141","Soya beans","2015","2015","kg/ha","536.6","A","Official figure",""
"QCL","Crops and livestock products","586","Pakistan","5412","Yield","0141","Soya beans","2016","2016","kg/ha","851.1","A","Official figure",""
"QCL","Crops and livestock products","586","Pakistan","5412","Yield","0141","Soya beans","2017","2017","kg/ha","730.8","A","Official figure",""
"QCL","Crops and livestock products","586","Pakistan","5412","Yield","0141","Soya beans","2018","2018","kg/ha","1037","A","Official figure",""
"QCL","Crops and livestock products","586","Pakistan","5412","Yield","0141","Soya beans","2019","2019","kg/ha","882.4","A","Official figure",""
"QCL","Crops and livestock products","586","Pakistan","5412","Yield","0141","Soya beans","2020","2020","kg/ha","1110.5","A","Official figure",""
"QCL","Crops and livestock products","586","Pakistan","5412","Yield","0141","Soya beans","2021","2021","kg/ha","872.7","A","Official figure",""
"QCL","Crops and livestock products","586","Pakistan","5412","Yield","0141","Soya beans","2022","2022","kg/ha","642.9","A","Official figure",""
"QCL","Crops and livestock products","586","Pakistan","5412","Yield","0111","Wheat","1996","1996","kg/ha","2018.4","A","Official figure",""
"QCL","Crops and livestock products","586","Pakistan","5412","Yield","0111","Wheat","1997","1997","kg/ha","2053.3","A","Official figure",""
"QCL","Crops and livestock products","586","Pakistan","5412","Yield","0111","Wheat","1998","1998","kg/ha","2237.6","A","Official figure",""
"QCL","Crops and livestock products","586","Pakistan","5412","Yield","0111","Wheat","1999","1999","kg/ha","2169.8","A","Official figure",""
"QCL","Crops and livestock products","586","Pakistan","5412","Yield","0111","Wheat","2000","2000","kg/ha","2490.7","A","Official figure",""
"QCL","Crops and livestock products","586","Pakistan","5412","Yield","0111","Wheat","2001","2001","kg/ha","2325.4","A","Official figure",""
"QCL","Crops and livestock products","586","Pakistan","5412","Yield","0111","Wheat","2002","2002","kg/ha","2262.1","A","Official figure",""
"QCL","Crops and livestock products","586","Pakistan","5412","Yield","0111","Wheat","2003","2003","kg/ha","2387.8","A","Official figure",""
"QCL","Crops and livestock products","586","Pakistan","5412","Yield","0111","Wheat","2004","2004","kg/ha","2373.3","A","Official figure",""
"QCL","Crops and livestock products","586","Pakistan","5412","Yield","0111","Wheat","2005","2005","kg/ha","2585.8","A","Official figure",""
"QCL","Crops and livestock products","586","Pakistan","5412","Yield","0111","Wheat","2006","2006","kg/ha","2518.6","A","Official figure",""
"QCL","Crops and livestock products","586","Pakistan","5412","Yield","0111","Wheat","2007","2007","kg/ha","2715.6","A","Official figure",""
"QCL","Crops and livestock products","586","Pakistan","5412","Yield","0111","Wheat","2008","2008","kg/ha","2451.4","A","Official figure",""
"QCL","Crops and livestock products","586","Pakistan","5412","Yield","0111","Wheat","2009","2009","kg/ha","2656.8","A","Official figure",""
"QCL","Crops and livestock products","586","Pakistan","5412","Yield","0111","Wheat","2010","2010","kg/ha","2552.8","A","Official figure",""
"QCL","Crops and livestock products","586","Pakistan","5412","Yield","0111","Wheat","2011","2011","kg/ha","2832.8","A","Official figure",""
"QCL","Crops and livestock products","586","Pakistan","5412","Yield","0111","Wheat","2012","2012","kg/ha","2713.8","A","Official figure",""
"QCL","Crops and livestock products","586","Pakistan","5412","Yield","0111","Wheat","2013","2013","kg/ha","2795.7","A","Official figure",""
"QCL","Crops and livestock products","586","Pakistan","5412","Yield","0111","Wheat","2014","2014","kg/ha","2824.1","A","Official figure",""
"QCL","Crops and livestock products","586","Pakistan","5412","Yield","0111","Wheat","2015","2015","kg/ha","2725.6","A","Official figure",""
"QCL","Crops and livestock products","586","Pakistan","5412","Yield","0111","Wheat","2016","2016","kg/ha","2779","A","Official figure",""
"QCL","Crops and livestock products","586","Pakistan","5412","Yield","0111","Wheat","2017","2017","kg/ha","2972.9","A","Official figure",""
"QCL","Crops and livestock products","586","Pakistan","5412","Yield","0111","Wheat","2018","2018","kg/ha","2850.5","A","Official figure",""
"QCL","Crops and livestock products","586","Pakistan","5412","Yield","0111","Wheat","2019","2019","kg/ha","2805.9","A","Official figure",""
"QCL","Crops and livestock products","586","Pakistan","5412","Yield","0111","Wheat","2020","2020","kg/ha","2867.5","A","Official figure",""
"QCL","Crops and livestock products","586","Pakistan","5412","Yield","0111","Wheat","2021","2021","kg/ha","2995.6","A","Official figure",""
"QCL","Crops and livestock products","586","Pakistan","5412","Yield","0111","Wheat","2022","2022","kg/ha","2919.6","A","Official figure",""
"QCL","Crops and livestock products","275","Palestine","5412","Yield","0111","Wheat","1996","1996","kg/ha","1835.9","A","Official figure",""
"QCL","Crops and livestock products","275","Palestine","5412","Yield","0111","Wheat","1997","1997","kg/ha","1515","A","Official figure",""
"QCL","Crops and livestock products","275","Palestine","5412","Yield","0111","Wheat","1998","1998","kg/ha","1743.8","A","Official figure",""
"QCL","Crops and livestock products","275","Palestine","5412","Yield","0111","Wheat","1999","1999","kg/ha","777.9","A","Official figure",""
"QCL","Crops and livestock products","275","Palestine","5412","Yield","0111","Wheat","2000","2000","kg/ha","2465.6","A","Official figure",""
"QCL","Crops and livestock products","275","Palestine","5412","Yield","0111","Wheat","2001","2001","kg/ha","1212.2","A","Official figure",""
"QCL","Crops and livestock products","275","Palestine","5412","Yield","0111","Wheat","2002","2002","kg/ha","2419.3","A","Official figure",""
"QCL","Crops and livestock products","275","Palestine","5412","Yield","0111","Wheat","2003","2003","kg/ha","2074.9","A","Official figure",""
"QCL","Crops and livestock products","275","Palestine","5412","Yield","0111","Wheat","2004","2004","kg/ha","2116.4","A","Official figure",""
"QCL","Crops and livestock products","275","Palestine","5412","Yield","0111","Wheat","2005","2005","kg/ha","2089.8","A","Official figure",""
"QCL","Crops and livestock products","275","Palestine","5412","Yield","0111","Wheat","2006","2006","kg/ha","1868.3","A","Official figure",""
"QCL","Crops and livestock products","275","Palestine","5412","Yield","0111","Wheat","2007","2007","kg/ha","1967","A","Official figure",""
"QCL","Crops and livestock products","275","Palestine","5412","Yield","0111","Wheat","2008","2008","kg/ha","1387.1","A","Official figure",""
"QCL","Crops and livestock products","275","Palestine","5412","Yield","0111","Wheat","2009","2009","kg/ha","1363.6","E","Estimated value",""
"QCL","Crops and livestock products","275","Palestine","5412","Yield","0111","Wheat","2010","2010","kg/ha","1789.2","A","Official figure",""
"QCL","Crops and livestock products","275","Palestine","5412","Yield","0111","Wheat","2011","2011","kg/ha","1621.8","A","Official figure",""
"QCL","Crops and livestock products","275","Palestine","5412","Yield","0111","Wheat","2012","2012","kg/ha","1999.3","A","Official figure",""
"QCL","Crops and livestock products","275","Palestine","5412","Yield","0111","Wheat","2013","2013","kg/ha","2403.2","A","Official figure",""
"QCL","Crops and livestock products","275","Palestine","5412","Yield","0111","Wheat","2014","2014","kg/ha","2403.2","A","Official figure",""
"QCL","Crops and livestock products","275","Palestine","5412","Yield","0111","Wheat","2015","2015","kg/ha","1983.4","A","Official figure",""
"QCL","Crops and livestock products","275","Palestine","5412","Yield","0111","Wheat","2016","2016","kg/ha","2571.5","A","Official figure",""
"QCL","Crops and livestock products","275","Palestine","5412","Yield","0111","Wheat","2017","2017","kg/ha","2235.5","E","Estimated value",""
"QCL","Crops and livestock products","275","Palestine","5412","Yield","0111","Wheat","2018","2018","kg/ha","2366.6","A","Official figure",""
"QCL","Crops and livestock products","275","Palestine","5412","Yield","0111","Wheat","2019","2019","kg/ha","2246.4","A","Official figure",""
"QCL","Crops and livestock products","275","Palestine","5412","Yield","0111","Wheat","2020","2020","kg/ha","2268.6","A","Official figure",""
"QCL","Crops and livestock products","275","Palestine","5412","Yield","0111","Wheat","2021","2021","kg/ha","3055.2","A","Official figure",""
"QCL","Crops and livestock products","275","Palestine","5412","Yield","0111","Wheat","2022","2022","kg/ha","2571.3","E","Estimated value",""
